Trump,Warren
0.0,0
0.0,0
0.2,0
0.2,0
0.1,0
0.1,0.13636363636363635
0.1,0.13636363636363635
0.4181818181818182,0.13636363636363635
0.4181818181818182,0.13636363636363635
0.4181818181818182,0.13636363636363635
0.4181818181818182,0.13636363636363635
1.2181818181818183,0.13636363636363635
1.4181818181818182,0.13636363636363635
1.6181818181818182,0.13636363636363635
2.118181818181818,0.13636363636363635
1.459848484848485,0.13636363636363635
1.459848484848485,0.13636363636363635
1.6198484848484849,0.13636363636363635
1.6198484848484849,0.13636363636363635
1.6865151515151515,0.13636363636363635
1.6865151515151515,0.13636363636363635
1.6865151515151515,0.13636363636363635
1.6865151515151515,0.13636363636363635
1.6865151515151515,-0.21363636363636362
1.6865151515151515,-0.21363636363636362
1.8228787878787878,-0.21363636363636362
2.022878787878788,-0.21363636363636362
2.022878787878788,-0.21363636363636362
2.022878787878788,-0.21363636363636362
2.022878787878788,-0.21363636363636362
2.0784343434343433,-0.21363636363636362
2.0784343434343433,-0.21363636363636362
1.8617676767676765,-0.21363636363636362
1.9117676767676766,-0.21363636363636362
1.9117676767676766,-0.21363636363636362
1.9117676767676766,-0.21363636363636362
1.9117676767676766,-0.21363636363636362
2.161767676767677,-0.21363636363636362
2.361767676767677,-0.21363636363636362
2.361767676767677,-0.4914141414141414
2.14510101010101,-0.4914141414141414
2.14510101010101,-0.39974747474747474
2.5540295815295817,-0.39974747474747474
2.379029581529582,-0.39974747474747474
2.0456962481962484,-0.39974747474747474
1.8290295815295816,-0.39974747474747474
2.029029581529582,-0.39974747474747474
2.029029581529582,-0.39974747474747474
2.029029581529582,-0.39974747474747474
3.029029581529582,-0.39974747474747474
3.029029581529582,-0.39974747474747474
3.0903391053391056,-0.39974747474747474
3.0903391053391056,-0.17474747474747473
3.0903391053391056,-0.30808080808080807
3.540339105339106,-0.30808080808080807
4.040339105339106,-0.30808080808080807
4.040339105339106,-0.30808080808080807
4.240339105339106,-0.30808080808080807
4.240339105339106,-0.30808080808080807
4.077481962481963,-0.30808080808080807
3.077481962481963,-0.30808080808080807
2.8608152958152964,-0.30808080808080807
2.8608152958152964,-0.30808080808080807
2.5608152958152965,-0.30808080808080807
2.5608152958152965,-0.30808080808080807
2.5608152958152965,-0.30808080808080807
2.5608152958152965,-0.1717171717171717
2.8608152958152964,-0.1717171717171717
2.8608152958152964,0.27272727272727276
2.8608152958152964,0.27272727272727276
2.660815295815296,0.27272727272727276
2.660815295815296,0.27272727272727276
2.660815295815296,0.27272727272727276
2.660815295815296,0.27272727272727276
2.660815295815296,0.6727272727272728
2.660815295815296,0.6727272727272728
2.8608152958152964,0.6727272727272728
2.8608152958152964,0.6727272727272728
2.8608152958152964,0.6727272727272728
2.8608152958152964,0.6727272727272728
2.8608152958152964,0.7352272727272728
2.8608152958152964,0.7352272727272728
2.8608152958152964,0.7352272727272728
2.8608152958152964,0.7352272727272728
3.660815295815296,0.7352272727272728
4.0608152958152965,0.7352272727272728
4.627481962481963,0.7352272727272728
4.627481962481963,0.5352272727272729
4.410815295815296,0.5352272727272729
4.410815295815296,0.5352272727272729
4.410815295815296,0.5352272727272729
4.477481962481963,0.5352272727272729
4.977481962481963,0.5352272727272729
4.977481962481963,0.5352272727272729
4.977481962481963,0.5352272727272729
4.977481962481963,-0.4647727272727271
4.977481962481963,-0.4647727272727271
4.977481962481963,-0.4647727272727271
4.977481962481963,-0.4647727272727271
5.477481962481963,-0.4647727272727271
5.260815295815296,-0.4647727272727271
5.260815295815296,-0.8397727272727271
5.327481962481962,-0.8397727272727271
5.492481962481962,-0.8397727272727271
5.492481962481962,-0.8397727272727271
5.492481962481962,-1.0897727272727271
5.492481962481962,-1.5897727272727271
5.492481962481962,-1.5897727272727271
5.492481962481962,-1.5897727272727271
5.492481962481962,-1.5897727272727271
5.492481962481962,-1.5897727272727271
4.492481962481962,-1.5897727272727271
4.492481962481962,-1.4647727272727271
4.492481962481962,-1.4647727272727271
4.492481962481962,-1.4647727272727271
4.492481962481962,-1.4647727272727271
4.492481962481962,-1.4647727272727271
4.492481962481962,-1.4647727272727271
4.657481962481962,-1.4647727272727271
4.657481962481962,-1.4647727272727271
4.657481962481962,-1.8647727272727272
4.832481962481962,-1.8647727272727272
3.9324819624819622,-1.8647727272727272
3.9324819624819622,-1.5790584415584417
3.9324819624819622,-2.5790584415584417
3.9324819624819622,-2.712391774891775
3.9324819624819622,-2.712391774891775
3.9324819624819622,-2.712391774891775
4.175339105339105,-2.712391774891775
4.575339105339105,-2.712391774891775
4.575339105339105,-2.712391774891775
5.075339105339105,-2.712391774891775
5.075339105339105,-2.312391774891775
5.075339105339105,-2.312391774891775
5.075339105339105,-2.312391774891775
5.108672438672438,-2.312391774891775
5.108672438672438,-2.312391774891775
4.921172438672438,-2.312391774891775
4.921172438672438,-2.4790584415584416
4.871172438672438,-2.4790584415584416
4.871172438672438,-2.4790584415584416
4.371172438672438,-2.4790584415584416
4.371172438672438,-1.7790584415584416
4.371172438672438,-1.7790584415584416
4.371172438672438,-1.7790584415584416
4.271172438672439,-1.7790584415584416
4.271172438672439,-1.4790584415584416
4.271172438672439,-1.4790584415584416
4.271172438672439,-1.3426948051948053
4.271172438672439,-1.3426948051948053
4.271172438672439,-1.3426948051948053
4.271172438672439,-1.498250360750361
4.137839105339105,-1.498250360750361
4.137839105339105,-1.498250360750361
4.437839105339105,-1.498250360750361
4.437839105339105,-1.498250360750361
4.437839105339105,-1.498250360750361
4.2156168831168825,-1.498250360750361
4.2156168831168825,-1.498250360750361
4.2156168831168825,-1.498250360750361
4.3822835497835495,-1.498250360750361
4.58228354978355,-1.498250360750361
4.78228354978355,-1.498250360750361
4.78228354978355,-1.498250360750361
4.78228354978355,-2.4982503607503608
4.78228354978355,-2.3618867243867245
4.94728354978355,-2.3618867243867245
4.863950216450217,-2.3618867243867245
4.863950216450217,-2.3618867243867245
4.763950216450217,-2.3618867243867245
4.763950216450217,-2.3618867243867245
4.813950216450217,-2.3618867243867245
4.813950216450217,-2.1618867243867244
4.813950216450217,-2.1618867243867244
4.813950216450217,-2.8761724386724388
5.113950216450217,-2.8761724386724388
5.113950216450217,-2.8761724386724388
5.113950216450217,-2.8761724386724388
5.113950216450217,-2.8761724386724388
5.113950216450217,-2.8761724386724388
5.613950216450217,-2.8761724386724388
5.613950216450217,-2.8761724386724388
5.513950216450217,-2.8761724386724388
6.013950216450217,-2.8761724386724388
6.013950216450217,-2.8761724386724388
6.013950216450217,-2.8761724386724388
6.013950216450217,-2.7398088023088025
6.013950216450217,-2.7398088023088025
6.013950216450217,-2.7398088023088025
5.576450216450217,-2.7398088023088025
5.576450216450217,-2.7398088023088025
5.576450216450217,-2.709289321789322
6.051450216450217,-2.709289321789322
6.051450216450217,-2.5322059884559884
6.051450216450217,-2.5322059884559884
6.051450216450217,-2.5322059884559884
6.051450216450217,-2.5322059884559884
6.051450216450217,-2.5322059884559884
6.051450216450217,-2.4947059884559883
6.051450216450217,-2.4947059884559883
6.051450216450217,-2.4947059884559883
6.051450216450217,-2.1947059884559885
6.051450216450217,-1.9447059884559885
6.051450216450217,-1.9447059884559885
6.051450216450217,-1.9447059884559885
6.101450216450217,-1.9447059884559885
6.101450216450217,-1.9447059884559885
6.168116883116883,-1.9447059884559885
6.168116883116883,-1.4447059884559885
6.168116883116883,-1.4447059884559885
6.601450216450217,-1.4447059884559885
6.601450216450217,-1.4447059884559885
6.801450216450217,-1.4447059884559885
6.801450216450217,-1.4447059884559885
6.468116883116884,-1.4447059884559885
6.468116883116884,-1.4447059884559885
6.251450216450217,-1.4447059884559885
6.251450216450217,-0.4447059884559885
6.243116883116883,-0.4447059884559885
6.143116883116884,-0.4447059884559885
5.7764502164502165,-0.4447059884559885
5.7764502164502165,-0.4447059884559885
5.7764502164502165,-0.3447059884559885
5.7764502164502165,-0.20834235209235213
6.207700216450217,-0.20834235209235213
6.707700216450217,-0.20834235209235213
6.707700216450217,-0.20834235209235213
6.707700216450217,-0.40834235209235215
7.207700216450217,-0.40834235209235215
7.257700216450217,-0.40834235209235215
7.257700216450217,-0.40834235209235215
7.257700216450217,-1.4083423520923521
7.257700216450217,-1.4083423520923521
7.757700216450217,-1.4083423520923521
7.757700216450217,-1.4083423520923521
7.757700216450217,-1.5416756854256854
7.757700216450217,-1.6345328282828282
7.857700216450216,-1.6345328282828282
7.524366883116883,-1.6345328282828282
7.524366883116883,-1.6345328282828282
7.524366883116883,-1.6345328282828282
7.524366883116883,-1.9345328282828282
7.524366883116883,-1.9345328282828282
7.624366883116883,-1.9345328282828282
7.624366883116883,-1.9345328282828282
7.624366883116883,-1.5845328282828284
7.552938311688312,-1.5845328282828284
7.3457954545454545,-1.5845328282828284
7.3457954545454545,-1.5845328282828284
7.3457954545454545,-1.5845328282828284
7.3457954545454545,-1.5845328282828284
7.3457954545454545,-2.0345328282828286
7.3457954545454545,-1.8595328282828285
7.3457954545454545,-1.723169191919192
7.8457954545454545,-1.723169191919192
7.762462121212121,-1.723169191919192
7.762462121212121,-1.723169191919192
7.762462121212121,-1.723169191919192
7.762462121212121,-1.723169191919192
7.762462121212121,-1.023169191919192
7.512462121212121,-1.023169191919192
7.512462121212121,-1.023169191919192
7.512462121212121,-1.0731691919191921
7.512462121212121,-1.0731691919191921
7.012462121212121,-1.0731691919191921
7.012462121212121,-1.0731691919191921
7.012462121212121,-1.0731691919191921
6.795795454545455,-1.0731691919191921
6.995795454545455,-1.0731691919191921
6.779128787878788,-1.0731691919191921
6.445795454545455,-1.0731691919191921
6.445795454545455,-2.073169191919192
6.445795454545455,-1.936805555555556
6.112462121212122,-1.936805555555556
6.179128787878788,-1.936805555555556
6.079128787878789,-1.936805555555556
6.376351010101011,-1.936805555555556
6.376351010101011,-1.936805555555556
6.376351010101011,-1.936805555555556
6.376351010101011,-1.786805555555556
6.376351010101011,-1.786805555555556
6.026351010101012,-1.786805555555556
6.026351010101012,-2.0686237373737377
5.943017676767679,-2.0686237373737377
6.143017676767679,-2.0686237373737377
6.143017676767679,-1.9686237373737376
5.543017676767679,-1.9686237373737376
5.543017676767679,-1.7915404040404044
5.543017676767679,-1.7915404040404044
5.143017676767679,-1.7915404040404044
4.926351010101012,-1.7915404040404044
4.626351010101012,-1.7915404040404044
4.626351010101012,-1.7915404040404044
4.926351010101012,-1.7915404040404044
4.926351010101012,-1.7915404040404044
5.226351010101012,-1.7915404040404044
5.226351010101012,-1.7915404040404044
4.932700216450218,-1.7915404040404044
4.932700216450218,-1.7915404040404044
5.432700216450218,-1.7915404040404044
5.732700216450218,-1.7915404040404044
5.732700216450218,-1.9165404040404044
5.732700216450218,-1.9165404040404044
5.932700216450218,-1.9165404040404044
6.032700216450218,-1.9165404040404044
7.032700216450218,-1.9165404040404044
7.232700216450218,-1.9165404040404044
8.232700216450219,-1.9165404040404044
8.232700216450219,-1.9165404040404044
8.232700216450219,-1.9165404040404044
8.232700216450219,-2.916540404040404
8.232700216450219,-2.916540404040404
8.232700216450219,-2.916540404040404
8.432700216450218,-2.916540404040404
8.432700216450218,-2.916540404040404
8.632700216450218,-2.916540404040404
8.299366883116884,-2.916540404040404
7.799366883116884,-2.916540404040404
7.799366883116884,-2.916540404040404
7.466033549783551,-2.916540404040404
7.903533549783551,-2.916540404040404
7.903533549783551,-2.916540404040404
7.903533549783551,-2.916540404040404
8.70353354978355,-2.916540404040404
8.70353354978355,-2.916540404040404
8.80353354978355,-2.916540404040404
8.80353354978355,-2.916540404040404
8.80353354978355,-2.916540404040404
8.75353354978355,-2.916540404040404
8.75353354978355,-2.916540404040404
8.670200216450215,-2.916540404040404
8.955914502164502,-2.916540404040404
8.955914502164502,-3.233207070707071
8.955914502164502,-3.233207070707071
8.800358946608947,-3.233207070707071
8.800358946608947,-3.233207070707071
8.800358946608947,-3.383207070707071
8.750358946608946,-3.383207070707071
8.750358946608946,-3.383207070707071
8.750358946608946,-3.2468434343434347
8.750358946608946,-3.2468434343434347
8.750358946608946,-3.2468434343434347
8.750358946608946,-3.446843434343435
8.750358946608946,-3.446843434343435
8.750358946608946,-3.446843434343435
8.750358946608946,-3.446843434343435
8.750358946608946,-3.096843434343435
8.594803391053391,-3.096843434343435
7.880517676767677,-3.096843434343435
7.875755772005772,-3.096843434343435
7.875755772005772,-3.096843434343435
8.040755772005772,-3.096843434343435
7.640755772005772,-3.096843434343435
7.485200216450216,-3.096843434343435
7.485200216450216,-3.096843434343435
7.268533549783549,-3.096843434343435
7.268533549783549,-3.096843434343435
7.268533549783549,-3.096843434343435
7.268533549783549,-3.096843434343435
7.343533549783549,-3.096843434343435
7.543533549783549,-3.096843434343435
7.74353354978355,-3.096843434343435
7.74353354978355,-3.096843434343435
7.74353354978355,-3.096843434343435
7.19353354978355,-3.096843434343435
7.19353354978355,-3.096843434343435
7.310200216450216,-3.096843434343435
7.110200216450216,-3.096843434343435
7.110200216450216,-3.096843434343435
7.110200216450216,-3.105176767676768
7.410200216450216,-3.105176767676768
7.410200216450216,-3.480176767676768
7.410200216450216,-3.605176767676768
7.310200216450216,-3.605176767676768
7.310200216450216,-3.505176767676768
7.310200216450216,-3.505176767676768
7.310200216450216,-3.505176767676768
7.310200216450216,-3.280176767676768
7.310200216450216,-3.280176767676768
7.310200216450216,-2.880176767676768
7.310200216450216,-2.880176767676768
7.310200216450216,-2.880176767676768
7.376866883116882,-2.880176767676768
7.876866883116882,-2.880176767676768
7.876866883116882,-2.630176767676768
8.376866883116882,-2.630176767676768
8.376866883116882,-1.630176767676768
8.155654761904762,-1.630176767676768
8.155654761904762,-1.630176767676768
8.355654761904761,-1.630176767676768
8.355654761904761,-1.630176767676768
8.355654761904761,-1.355176767676768
8.355654761904761,-1.355176767676768
8.355654761904761,-1.355176767676768
8.355654761904761,-1.355176767676768
8.605654761904761,-1.355176767676768
8.605654761904761,-1.355176767676768
8.605654761904761,-1.355176767676768
8.605654761904761,-1.605176767676768
8.605654761904761,-1.605176767676768
8.80565476190476,-1.605176767676768
8.80565476190476,-1.605176767676768
8.97065476190476,-1.605176767676768
8.97065476190476,-1.605176767676768
8.37065476190476,-1.605176767676768
8.52065476190476,-1.605176767676768
8.415099206349204,-1.605176767676768
8.415099206349204,-1.605176767676768
8.415099206349204,-1.605176767676768
8.415099206349204,-2.605176767676768
8.415099206349204,-2.605176767676768
8.415099206349204,-2.605176767676768
8.715099206349205,-2.605176767676768
8.715099206349205,-2.671843434343435
8.781765873015871,-2.671843434343435
8.781765873015871,-2.821843434343435
8.781765873015871,-2.821843434343435
8.781765873015871,-2.821843434343435
8.55954365079365,-2.821843434343435
8.55954365079365,-2.821843434343435
8.55954365079365,-3.821843434343435
8.55954365079365,-3.821843434343435
8.226210317460316,-3.821843434343435
8.226210317460316,-3.6218434343434347
8.226210317460316,-3.6218434343434347
8.326210317460315,-3.6218434343434347
8.326210317460315,-3.6218434343434347
8.326210317460315,-3.6218434343434347
8.326210317460315,-3.6218434343434347
8.326210317460315,-3.4854797979797985
8.326210317460315,-3.349116161616162
8.256835317460315,-3.349116161616162
8.256835317460315,-3.349116161616162
8.256835317460315,-2.999116161616162
8.10127976190476,-2.999116161616162
8.10127976190476,-2.599116161616162
8.10127976190476,-2.599116161616162
8.40127976190476,-2.599116161616162
8.60127976190476,-2.599116161616162
8.60127976190476,-2.599116161616162
8.267946428571426,-2.599116161616162
8.267946428571426,-2.599116161616162
8.267946428571426,-2.599116161616162
8.467946428571425,-2.599116161616162
8.467946428571425,-2.599116161616162
8.753660714285711,-2.599116161616162
8.753660714285711,-1.8991161616161623
8.753660714285711,-2.0241161616161625
8.753660714285711,-1.8241161616161625
8.53143849206349,-1.8241161616161625
8.53143849206349,-1.8241161616161625
8.53143849206349,-1.8241161616161625
8.88143849206349,-1.8241161616161625
8.88143849206349,-1.8241161616161625
8.88143849206349,-1.8241161616161625
8.88143849206349,-1.8241161616161625
8.88143849206349,-1.8241161616161625
8.88143849206349,-1.8241161616161625
8.88143849206349,-1.8241161616161625
8.88143849206349,-1.8241161616161625
8.88143849206349,-1.8241161616161625
8.403660714285712,-1.8241161616161625
8.403660714285712,-1.8241161616161625
8.403660714285712,-2.8241161616161623
8.403660714285712,-2.8241161616161623
8.403660714285712,-2.3241161616161623
8.903660714285712,-2.3241161616161623
9.103660714285711,-2.3241161616161623
8.103660714285711,-2.3241161616161623
8.103660714285711,-2.3241161616161623
8.103660714285711,-2.3241161616161623
8.603660714285711,-2.3241161616161623
8.603660714285711,-2.3241161616161623
8.471842532467528,-2.3241161616161623
8.471842532467528,-2.3241161616161623
8.671842532467528,-2.3241161616161623
9.046842532467528,-2.3241161616161623
9.046842532467528,-2.4491161616161623
9.046842532467528,-2.4491161616161623
9.246842532467527,-2.4491161616161623
9.246842532467527,-2.4491161616161623
9.246842532467527,-2.4491161616161623
9.35517586580086,-2.4491161616161623
9.35517586580086,-2.4491161616161623
9.35517586580086,-2.4491161616161623
9.555175865800859,-2.4491161616161623
9.555175865800859,-2.4491161616161623
9.471842532467525,-2.4491161616161623
9.671842532467524,-2.4491161616161623
9.671842532467524,-2.4491161616161623
9.621842532467523,-2.4491161616161623
9.700731421356412,-2.4491161616161623
9.593588564213555,-2.4491161616161623
9.543588564213554,-2.4491161616161623
9.543588564213554,-2.4491161616161623
9.543588564213554,-2.4491161616161623
9.543588564213554,-2.4491161616161623
9.543588564213554,-2.4491161616161623
9.543588564213554,-2.4491161616161623
9.543588564213554,-2.4491161616161623
9.21025523088022,-2.4491161616161623
9.71025523088022,-2.4491161616161623
9.21025523088022,-2.4491161616161623
9.21025523088022,-2.115782828282829
9.21025523088022,-2.115782828282829
9.21025523088022,-2.115782828282829
9.21025523088022,-2.065782828282829
9.21025523088022,-2.132449494949496
9.21025523088022,-2.132449494949496
9.21025523088022,-2.132449494949496
9.21025523088022,-2.132449494949496
9.21025523088022,-2.132449494949496
9.21025523088022,-2.132449494949496
9.21025523088022,-2.2157828282828294
9.21025523088022,-2.079419191919193
9.21025523088022,-3.079419191919193
9.21025523088022,-2.979419191919193
9.21025523088022,-2.079419191919193
9.426921897546887,-2.079419191919193
9.726921897546887,-2.079419191919193
9.726921897546887,-2.079419191919193
9.726921897546887,-2.079419191919193
9.801921897546887,-2.079419191919193
10.101921897546887,-2.079419191919193
10.101921897546887,-2.7794191919191933
10.101921897546887,-2.579419191919193
10.238285533910524,-2.579419191919193
10.238285533910524,-2.579419191919193
10.238285533910524,-2.579419191919193
10.238285533910524,-2.579419191919193
10.238285533910524,-2.579419191919193
10.238285533910524,-2.329419191919193
10.238285533910524,-2.329419191919193
10.613285533910524,-2.329419191919193
10.613285533910524,-2.0919191919191933
10.613285533910524,-2.3252525252525267
10.27995220057719,-2.3252525252525267
9.57995220057719,-2.3252525252525267
9.52995220057719,-2.3252525252525267
10.008740079365069,-2.3252525252525267
10.042073412698402,-2.3252525252525267
10.042073412698402,-1.5252525252525266
9.992073412698401,-1.5252525252525266
9.992073412698401,-1.65858585858586
9.992073412698401,-1.65858585858586
9.6920734126984,-1.65858585858586
9.558740079365068,-1.65858585858586
9.558740079365068,-1.85858585858586
9.558740079365068,-1.85858585858586
9.558740079365068,-1.85858585858586
9.558740079365068,-1.85858585858586
9.558740079365068,-1.85858585858586
9.695103715728704,-1.85858585858586
9.695103715728704,-1.20858585858586
9.478437049062038,-1.20858585858586
9.478437049062038,-1.20858585858586
9.478437049062038,-1.20858585858586
9.478437049062038,-1.20858585858586
9.478437049062038,-1.40858585858586
9.478437049062038,-1.40858585858586
9.145103715728704,-1.40858585858586
9.345103715728703,-1.40858585858586
9.345103715728703,-1.15858585858586
9.128437049062036,-1.15858585858586
9.128437049062036,-1.15858585858586
9.628437049062036,-1.15858585858586
10.028437049062036,-1.15858585858586
10.028437049062036,-0.9313131313131326
9.370103715728703,-0.9313131313131326
9.370103715728703,-0.664646464646466
9.370103715728703,-0.664646464646466
9.370103715728703,-0.664646464646466
9.370103715728703,-0.41464646464646604
9.370103715728703,-0.41464646464646604
9.370103715728703,-0.41464646464646604
9.370103715728703,-0.41464646464646604
9.153437049062036,-0.41464646464646604
9.18677038239537,-0.41464646464646604
8.68677038239537,-0.41464646464646604
8.49927038239537,-0.41464646464646604
8.29927038239537,-0.41464646464646604
8.54927038239537,-0.41464646464646604
8.54927038239537,-0.41464646464646604
8.54927038239537,-0.41464646464646604
8.54927038239537,-0.8146464646464661
8.54927038239537,-0.8146464646464661
8.54927038239537,-0.8146464646464661
8.74927038239537,-0.8146464646464661
8.74927038239537,-0.8146464646464661
8.74927038239537,-1.1146464646464662
8.74927038239537,-1.1146464646464662
8.74927038239537,-0.9146464646464663
9.14927038239537,-0.9146464646464663
9.04927038239537,-0.9146464646464663
8.832603715728704,-0.9146464646464663
8.832603715728704,-0.9089646464646481
8.232603715728704,-0.9089646464646481
8.665937049062038,-0.9089646464646481
8.365937049062037,-0.9089646464646481
9.027841810966798,-0.9089646464646481
9.027841810966798,-1.2589646464646482
9.027841810966798,-1.2589646464646482
9.027841810966798,-1.2589646464646482
9.027841810966798,-1.2589646464646482
9.027841810966798,-1.3839646464646482
8.811175144300131,-1.3839646464646482
8.811175144300131,-1.3839646464646482
8.811175144300131,-1.3839646464646482
8.811175144300131,-1.3839646464646482
8.811175144300131,-1.3839646464646482
8.811175144300131,-1.3839646464646482
8.111175144300132,-1.3839646464646482
8.236175144300132,-1.3839646464646482
8.348675144300133,-1.3839646464646482
8.298675144300132,-1.3839646464646482
8.438675144300133,-1.3839646464646482
8.355341810966799,-1.3839646464646482
8.105341810966799,-1.3839646464646482
8.105341810966799,-1.3464646464646481
7.9053418109667986,-1.3464646464646481
7.5720084776334655,-1.3464646464646481
7.5720084776334655,-1.3464646464646481
7.5720084776334655,-1.3464646464646481
7.5720084776334655,-1.3464646464646481
7.5720084776334655,-1.210101010101012
7.5720084776334655,-0.5601010101010119
7.5720084776334655,-0.4601010101010119
7.5720084776334655,-0.5851010101010119
7.5720084776334655,-0.5851010101010119
7.5720084776334655,-0.5851010101010119
7.5720084776334655,-0.19224386724386905
7.772008477633466,-0.19224386724386905
8.472008477633466,-0.19224386724386905
9.147008477633467,-0.19224386724386905
8.9303418109668,-0.19224386724386905
8.9303418109668,-0.19224386724386905
8.9303418109668,-0.19224386724386905
9.097008477633466,-0.19224386724386905
9.097008477633466,-0.19224386724386905
9.047008477633465,-0.19224386724386905
9.047008477633465,-0.19224386724386905
9.301175144300132,-0.19224386724386905
9.37617514430013,-0.19224386724386905
9.37617514430013,-0.19224386724386905
9.37617514430013,-0.19224386724386905
9.37617514430013,-0.19224386724386905
8.801175144300132,-0.19224386724386905
8.801175144300132,0.707756132756131
8.801175144300132,0.707756132756131
8.801175144300132,0.582756132756131
8.801175144300132,0.582756132756131
8.467841810966798,0.582756132756131
8.667841810966797,0.582756132756131
9.00117514430013,0.582756132756131
9.00117514430013,0.7910894660894644
9.00117514430013,1.1592712842712825
9.00117514430013,0.7592712842712824
8.667841810966797,0.7592712842712824
8.667841810966797,-0.24072871572871757
8.45117514430013,-0.24072871572871757
8.45117514430013,-0.24072871572871757
8.45117514430013,-0.24072871572871757
8.45117514430013,-0.24072871572871757
8.45117514430013,0.4592712842712824
8.45117514430013,0.4592712842712824
8.45117514430013,-0.1407287157287176
8.45117514430013,-0.1407287157287176
8.45117514430013,-0.1407287157287176
8.45117514430013,-0.7407287157287176
8.45117514430013,-0.6043650793650812
8.45117514430013,-1.3186507936507956
8.45117514430013,-1.6734126984127005
8.45117514430013,-1.6734126984127005
8.45117514430013,-1.7484126984127004
8.85117514430013,-1.7484126984127004
8.85117514430013,-1.7484126984127004
9.05117514430013,-1.7484126984127004
9.05117514430013,-1.7484126984127004
9.05117514430013,-2.3484126984127003
9.05117514430013,-2.1317460317460335
9.05117514430013,-2.1317460317460335
9.05117514430013,-3.1317460317460335
9.05117514430013,-3.0817460317460337
9.05117514430013,-3.215079365079367
9.30117514430013,-3.215079365079367
8.95117514430013,-3.215079365079367
8.95117514430013,-3.215079365079367
8.45117514430013,-3.215079365079367
8.158318001442987,-3.215079365079367
8.158318001442987,-3.1696248196248216
7.941651334776321,-3.1696248196248216
7.441651334776321,-3.1696248196248216
7.441651334776321,-3.1696248196248216
7.441651334776321,-3.6696248196248216
7.441651334776321,-3.6696248196248216
7.441651334776321,-3.7196248196248214
7.441651334776321,-3.7196248196248214
7.441651334776321,-3.7196248196248214
7.441651334776321,-3.7196248196248214
7.441651334776321,-3.7196248196248214
7.441651334776321,-3.7196248196248214
7.441651334776321,-3.686291486291488
7.441651334776321,-3.6362914862914884
7.474984668109654,-3.6362914862914884
7.474984668109654,-3.6362914862914884
7.349984668109654,-3.6362914862914884
6.349984668109654,-3.6362914862914884
6.349984668109654,-3.6362914862914884
6.349984668109654,-3.6362914862914884
6.349984668109654,-4.011291486291489
6.349984668109654,-5.011291486291489
7.149984668109654,-5.011291486291489
6.816651334776321,-5.011291486291489
6.316651334776321,-5.011291486291489
6.316651334776321,-5.011291486291489
6.316651334776321,-5.011291486291489
6.3666513347763205,-5.011291486291489
6.3666513347763205,-4.643109668109671
6.3666513347763205,-4.643109668109671
6.3666513347763205,-5.043109668109671
6.0333180014429875,-5.043109668109671
6.0333180014429875,-5.043109668109671
6.0333180014429875,-5.320887445887449
5.7833180014429875,-5.320887445887449
5.583318001442987,-5.320887445887449
5.583318001442987,-5.320887445887449
5.583318001442987,-5.320887445887449
5.583318001442987,-5.320887445887449
5.588999819624806,-5.320887445887449
5.588999819624806,-5.270887445887449
5.588999819624806,-5.270887445887449
5.588999819624806,-5.454220779220782
5.588999819624806,-5.454220779220782
5.588999819624806,-5.454220779220782
5.588999819624806,-5.454220779220782
5.588999819624806,-5.454220779220782
5.702636183261169,-5.454220779220782
5.702636183261169,-5.529220779220783
5.702636183261169,-5.529220779220783
5.702636183261169,-5.529220779220783
5.702636183261169,-5.529220779220783
5.702636183261169,-5.529220779220783
5.702636183261169,-5.291720779220783
5.702636183261169,-5.291720779220783
6.184779040404026,-5.291720779220783
6.184779040404026,-5.58338744588745
6.184779040404026,-5.58338744588745
6.184779040404026,-5.58338744588745
6.184779040404026,-5.58338744588745
6.184779040404026,-5.58338744588745
5.684779040404026,-5.58338744588745
5.684779040404026,-5.58338744588745
5.684779040404026,-5.297673160173164
5.759779040404026,-5.297673160173164
5.659779040404026,-5.297673160173164
5.659779040404026,-5.297673160173164
6.159779040404026,-5.297673160173164
6.159779040404026,-5.297673160173164
5.859779040404026,-5.297673160173164
6.159779040404026,-5.297673160173164
5.826445707070693,-5.297673160173164
5.826445707070693,-5.297673160173164
5.826445707070693,-5.431006493506498
5.826445707070693,-5.181006493506498
5.826445707070693,-4.698466810966815
5.826445707070693,-5.498466810966815
5.826445707070693,-5.498466810966815
5.826445707070693,-5.5234668109668155
5.826445707070693,-5.0234668109668155
5.826445707070693,-5.173466810966816
5.826445707070693,-5.173466810966816
5.826445707070693,-5.173466810966816
5.609779040404026,-5.173466810966816
5.609779040404026,-5.173466810966816
5.609779040404026,-5.173466810966816
5.609779040404026,-5.423466810966816
5.409779040404026,-5.423466810966816
5.226445707070693,-5.423466810966816
5.226445707070693,-5.423466810966816
4.726445707070693,-5.423466810966816
4.726445707070693,-5.423466810966816
4.726445707070693,-5.423466810966816
4.726445707070693,-5.423466810966816
4.726445707070693,-5.423466810966816
4.726445707070693,-5.390133477633483
4.226445707070693,-5.390133477633483
4.226445707070693,-5.390133477633483
4.226445707070693,-5.490133477633482
4.391445707070693,-5.490133477633482
4.063667929292915,-5.490133477633482
4.063667929292915,-5.340133477633482
4.063667929292915,-5.340133477633482
3.7636679292929154,-5.340133477633482
3.7636679292929154,-5.340133477633482
3.9000315656565516,-5.340133477633482
3.9000315656565516,-5.340133477633482
3.9000315656565516,-5.340133477633482
4.233364898989885,-5.340133477633482
4.333364898989885,-5.340133477633482
4.333364898989885,-5.340133477633482
4.333364898989885,-5.340133477633482
4.102595668220654,-5.340133477633482
3.4442623348873207,-5.340133477633482
3.4442623348873207,-5.340133477633482
3.4442623348873207,-5.340133477633482
3.3505123348873207,-5.340133477633482
3.3505123348873207,-5.340133477633482
3.3505123348873207,-5.340133477633482
2.950512334887321,-5.340133477633482
2.900512334887321,-5.340133477633482
3.350512334887321,-5.340133477633482
3.350512334887321,-5.340133477633482
3.350512334887321,-5.340133477633482
3.350512334887321,-5.432990620490624
3.350512334887321,-5.466323953823958
3.350512334887321,-5.466323953823958
3.0171790015539877,-5.466323953823958
3.0171790015539877,-5.466323953823958
2.800512334887321,-5.466323953823958
2.800512334887321,-5.466323953823958
2.800512334887321,-5.616323953823958
2.800512334887321,-5.616323953823958
2.900512334887321,-5.616323953823958
3.400512334887321,-5.616323953823958
3.400512334887321,-5.616323953823958
3.400512334887321,-5.616323953823958
3.400512334887321,-5.616323953823958
3.461821858696845,-5.616323953823958
3.461821858696845,-5.616323953823958
3.461821858696845,-5.616323953823958
3.461821858696845,-5.616323953823958
3.461821858696845,-5.616323953823958
3.461821858696845,-5.616323953823958
3.461821858696845,-5.479960317460321
3.461821858696845,-5.479960317460321
3.3243218586968446,-5.479960317460321
3.3243218586968446,-5.479960317460321
3.3243218586968446,-5.479960317460321
3.3243218586968446,-5.479960317460321
3.3243218586968446,-5.479960317460321
3.3243218586968446,-5.479960317460321
3.3243218586968446,-5.479960317460321
3.3243218586968446,-5.479960317460321
3.524321858696845,-5.479960317460321
4.524321858696845,-5.479960317460321
4.524321858696845,-6.479960317460321
4.524321858696845,-6.479960317460321
4.524321858696845,-5.979960317460321
4.324321858696845,-5.979960317460321
4.124321858696844,-5.979960317460321
4.124321858696844,-6.979960317460321
4.124321858696844,-7.779960317460321
4.124321858696844,-7.743055555555559
4.124321858696844,-7.793055555555559
4.124321858696844,-7.793055555555559
4.124321858696844,-7.588510101010105
4.124321858696844,-7.588510101010105
4.124321858696844,-7.588510101010105
4.124321858696844,-7.588510101010105
4.124321858696844,-7.588510101010105
3.9076551920301776,-7.588510101010105
3.9076551920301776,-7.588510101010105
3.9076551920301776,-7.455176767676771
3.690988525363511,-7.455176767676771
3.690988525363511,-7.455176767676771
3.690988525363511,-7.455176767676771
3.690988525363511,-7.705176767676771
3.690988525363511,-7.705176767676771
3.690988525363511,-8.705176767676772
3.5576551920301775,-8.705176767676772
3.5576551920301775,-8.705176767676772
3.5576551920301775,-8.705176767676772
3.5576551920301775,-8.705176767676772
3.5576551920301775,-8.705176767676772
3.974321858696844,-8.705176767676772
3.974321858696844,-8.801010101010105
3.974321858696844,-8.801010101010105
3.974321858696844,-8.801010101010105
3.7576551920301773,-8.801010101010105
3.7576551920301773,-8.651010101010105
3.7576551920301773,-8.651010101010105
3.7576551920301773,-8.451010101010105
3.7576551920301773,-8.451010101010105
3.932655192030177,-8.451010101010105
3.932655192030177,-9.151010101010105
4.182655192030177,-9.151010101010105
3.9659885253635103,-9.151010101010105
3.9659885253635103,-9.151010101010105
3.9659885253635103,-9.151010101010105
3.9659885253635103,-9.248232323232326
4.46598852536351,-9.248232323232326
4.46598852536351,-9.381565656565659
4.46598852536351,-9.381565656565659
4.46598852536351,-9.381565656565659
4.46598852536351,-9.148232323232326
4.46598852536351,-9.148232323232326
4.46598852536351,-9.28156565656566
4.088210747585732,-9.28156565656566
4.088210747585732,-9.28156565656566
4.088210747585732,-9.28156565656566
4.088210747585732,-9.28156565656566
4.088210747585732,-9.28156565656566
4.088210747585732,-9.28156565656566
4.588210747585732,-9.28156565656566
4.588210747585732,-9.28156565656566
3.7882107475857323,-9.28156565656566
3.7882107475857323,-9.28156565656566
3.7882107475857323,-9.414898989898992
3.5715440809190655,-9.414898989898992
3.5715440809190655,-9.507756132756136
3.7715440809190657,-9.507756132756136
3.971544080919066,-9.507756132756136
3.971544080919066,-9.007756132756136
3.971544080919066,-9.007756132756136
3.971544080919066,-9.007756132756136
3.971544080919066,-9.007756132756136
3.8644012237762086,-9.007756132756136
2.8644012237762086,-9.007756132756136
3.3019012237762086,-9.007756132756136
3.3019012237762086,-9.007756132756136
3.3019012237762086,-9.007756132756136
3.085234557109542,-9.007756132756136
2.8280916999666847,-9.007756132756136
2.8280916999666847,-9.007756132756136
2.2947583666333515,-9.007756132756136
2.2947583666333515,-8.957756132756135
2.6947583666333514,-8.957756132756135
2.611425033300018,-8.957756132756135
2.394758366633351,-8.957756132756135
2.394758366633351,-8.957756132756135
2.4947583666333513,-8.957756132756135
2.4947583666333513,-8.957756132756135
2.4947583666333513,-8.6244227994228
2.9947583666333513,-8.6244227994228
2.9947583666333513,-8.6244227994228
2.9947583666333513,-8.6244227994228
2.9947583666333513,-8.6244227994228
2.78364725552224,-8.6244227994228
2.78364725552224,-8.024422799422801
2.78364725552224,-9.024422799422801
2.5669805888555732,-9.024422799422801
2.2336472555222397,-9.024422799422801
2.2336472555222397,-10.024422799422801
2.2336472555222397,-10.024422799422801
2.58364725552224,-10.024422799422801
2.3614250333000175,-10.024422799422801
2.3614250333000175,-10.024422799422801
2.3614250333000175,-10.024422799422801
2.2864250333000173,-10.024422799422801
2.2864250333000173,-9.524422799422801
2.2864250333000173,-9.524422799422801
1.6864250333000173,-9.524422799422801
1.6864250333000173,-9.657756132756134
1.6864250333000173,-9.657756132756134
1.6864250333000173,-9.657756132756134
1.6864250333000173,-9.657756132756134
1.6864250333000173,-9.657756132756134
1.9721393190143028,-9.657756132756134
1.9721393190143028,-9.657756132756134
1.9721393190143028,-9.657756132756134
1.9721393190143028,-9.657756132756134
1.9721393190143028,-9.657756132756134
1.9721393190143028,-9.657756132756134
1.9721393190143028,-9.007756132756134
1.9721393190143028,-9.007756132756134
1.9721393190143028,-8.871392496392497
1.9721393190143028,-8.871392496392497
1.9221393190143028,-8.871392496392497
1.9971393190143027,-8.871392496392497
1.9971393190143027,-8.871392496392497
1.9971393190143027,-8.871392496392497
1.9971393190143027,-8.871392496392497
1.7509271978021816,-8.871392496392497
1.7509271978021816,-8.871392496392497
1.7509271978021816,-8.971392496392497
1.2509271978021816,-8.971392496392497
1.2509271978021816,-8.696392496392496
1.2509271978021816,-9.046392496392496
1.2509271978021816,-9.046392496392496
1.2509271978021816,-9.046392496392496
1.2509271978021816,-9.046392496392496
1.2509271978021816,-9.046392496392496
1.2509271978021816,-9.046392496392496
1.2509271978021816,-8.678210678210679
1.2509271978021816,-8.678210678210679
1.2509271978021816,-8.47821067821068
1.2509271978021816,-8.47821067821068
1.2509271978021816,-8.97821067821068
1.2509271978021816,-8.97821067821068
1.6398160866910705,-8.97821067821068
1.2898160866910704,-8.97821067821068
1.1898160866910703,-8.97821067821068
1.1898160866910703,-8.97821067821068
0.9731494200244036,-8.97821067821068
0.9731494200244036,-8.97821067821068
0.9731494200244036,-8.97821067821068
0.9731494200244036,-8.928210678210679
1.0072403291153127,-8.928210678210679
1.0072403291153127,-8.928210678210679
1.0739069957819793,-8.928210678210679
1.0739069957819793,-8.928210678210679
2.0739069957819796,-8.928210678210679
2.0739069957819796,-8.928210678210679
2.0739069957819796,-8.928210678210679
2.0739069957819796,-8.928210678210679
1.7405736624486463,-8.928210678210679
2.1739069957819797,-8.928210678210679
2.1739069957819797,-8.882756132756134
2.1739069957819797,-8.882756132756134
2.1045319957819797,-8.882756132756134
2.1045319957819797,-8.882756132756134
2.1045319957819797,-8.882756132756134
3.1045319957819797,-8.882756132756134
3.1045319957819797,-8.882756132756134
3.1045319957819797,-8.882756132756134
3.1045319957819797,-9.382756132756134
3.6045319957819797,-9.382756132756134
3.6266532079031917,-9.382756132756134
3.6266532079031917,-9.382756132756134
3.409986541236525,-9.382756132756134
3.2544309856809694,-9.382756132756134
3.2544309856809694,-9.382756132756134
3.2544309856809694,-9.382756132756134
3.2544309856809694,-9.432756132756134
3.2544309856809694,-9.432756132756134
3.0794309856809696,-9.432756132756134
4.07943098568097,-9.432756132756134
4.07943098568097,-9.432756132756134
4.07943098568097,-9.449422799422802
4.07943098568097,-9.449422799422802
4.07943098568097,-10.449422799422802
4.47943098568097,-10.449422799422802
3.7794309856809702,-10.449422799422802
3.7794309856809702,-10.449422799422802
3.7794309856809702,-10.532756132756136
3.7794309856809702,-10.532756132756136
3.7794309856809702,-10.532756132756136
3.4460976523476368,-10.532756132756136
3.9460976523476368,-10.532756132756136
4.424885531135516,-10.532756132756136
4.424885531135516,-10.532756132756136
3.4915521978021826,-10.532756132756136
3.4915521978021826,-10.532756132756136
3.4915521978021826,-10.532756132756136
3.4915521978021826,-10.532756132756136
3.4915521978021826,-10.532756132756136
3.4915521978021826,-10.495851370851375
3.4915521978021826,-10.495851370851375
3.4915521978021826,-10.174422799422803
3.4915521978021826,-10.174422799422803
3.497234015984001,-10.174422799422803
3.497234015984001,-10.111922799422803
3.497234015984001,-9.77858946608947
3.497234015984001,-10.050811688311692
3.6639006826506675,-10.050811688311692
3.6639006826506675,-10.050811688311692
3.8139006826506674,-10.050811688311692
3.8139006826506674,-10.050811688311692
4.013900682650667,-10.050811688311692
4.013900682650667,-10.75081168831169
4.013900682650667,-10.75081168831169
4.088900682650667,-10.75081168831169
4.088900682650667,-10.75081168831169
4.088900682650667,-10.50081168831169
4.088900682650667,-10.242478354978358
4.088900682650667,-10.242478354978358
4.088900682650667,-10.242478354978358
3.8722340159840005,-10.242478354978358
3.8722340159840005,-10.242478354978358
3.8722340159840005,-10.242478354978358
3.6555673493173337,-10.242478354978358
3.6555673493173337,-10.242478354978358
3.6555673493173337,-10.209145021645025
3.9055673493173337,-10.209145021645025
4.04193098568097,-10.209145021645025
4.54193098568097,-10.209145021645025
4.54193098568097,-10.072781385281388
3.9419309856809703,-10.072781385281388
3.9419309856809703,-10.072781385281388
3.9419309856809703,-10.072781385281388
3.9419309856809703,-10.072781385281388
3.9419309856809703,-10.072781385281388
4.071930985680971,-10.072781385281388
4.071930985680971,-10.147781385281387
4.071930985680971,-10.147781385281387
4.071930985680971,-10.225559163059165
4.42193098568097,-10.225559163059165
4.42193098568097,-10.225559163059165
4.42193098568097,-10.300559163059164
4.92193098568097,-10.300559163059164
3.9219309856809703,-10.300559163059164
3.9219309856809703,-10.300559163059164
3.9219309856809703,-9.900559163059164
3.9219309856809703,-10.025559163059164
3.9219309856809703,-9.125559163059163
3.9219309856809703,-9.125559163059163
3.9219309856809703,-9.125559163059163
3.9969309856809705,-9.125559163059163
3.9969309856809705,-9.125559163059163
3.4969309856809705,-9.125559163059163
3.4969309856809705,-8.822781385281386
3.274708763458748,-8.822781385281386
3.341375430125415,-8.822781385281386
2.791375430125415,-8.822781385281386
2.791375430125415,-8.822781385281386
2.791375430125415,-8.822781385281386
2.991375430125415,-8.822781385281386
2.6580420967920815,-8.822781385281386
2.6580420967920815,-8.822781385281386
2.6580420967920815,-8.822781385281386
2.6580420967920815,-8.822781385281386
2.6580420967920815,-8.822781385281386
2.6580420967920815,-8.822781385281386
2.6580420967920815,-8.822781385281386
2.7091243478743325,-8.822781385281386
2.9091243478743327,-8.822781385281386
3.046624347874333,-8.822781385281386
3.046624347874333,-8.822781385281386
3.046624347874333,-8.822781385281386
3.046624347874333,-8.689448051948053
3.046624347874333,-8.689448051948053
3.246624347874333,-8.689448051948053
2.9132910145409996,-8.689448051948053
2.9132910145409996,-9.689448051948053
2.9132910145409996,-9.689448051948053
3.1632910145409996,-9.689448051948053
3.1632910145409996,-9.689448051948053
3.3632910145409998,-9.689448051948053
3.3632910145409998,-9.689448051948053
3.2721799034298886,-9.689448051948053
3.2721799034298886,-9.689448051948053
3.055513236763222,-9.689448051948053
3.055513236763222,-9.689448051948053
3.055513236763222,-9.189448051948053
3.055513236763222,-9.189448051948053
3.055513236763222,-9.189448051948053
3.305513236763222,-9.189448051948053
3.305513236763222,-9.226948051948053
3.305513236763222,-9.226948051948053
3.7055132367632218,-9.226948051948053
3.7055132367632218,-9.226948051948053
3.8305132367632218,-9.226948051948053
3.8305132367632218,-9.226948051948053
3.8305132367632218,-9.226948051948053
3.8305132367632218,-9.826948051948053
3.8305132367632218,-9.826948051948053
3.8305132367632218,-9.826948051948053
4.830513236763222,-9.826948051948053
4.830513236763222,-9.826948051948053
4.830513236763222,-10.126948051948053
4.830513236763222,-10.126948051948053
4.997179903429889,-10.126948051948053
4.684679903429889,-10.126948051948053
4.684679903429889,-10.026948051948054
4.684679903429889,-10.160281385281387
4.718013236763222,-10.160281385281387
4.718013236763222,-10.160281385281387
5.318013236763222,-10.160281385281387
5.318013236763222,-9.710281385281387
5.454376873126859,-9.710281385281387
5.454376873126859,-9.710281385281387
5.354376873126859,-9.710281385281387
5.640091158841145,-9.710281385281387
5.640091158841145,-9.710281385281387
5.640091158841145,-9.543614718614721
5.423424492174478,-9.543614718614721
5.423424492174478,-9.543614718614721
5.423424492174478,-9.5713924963925
5.423424492174478,-9.5713924963925
5.423424492174478,-9.5713924963925
5.423424492174478,-9.8713924963925
5.423424492174478,-9.271392496392501
5.756757825507811,-9.271392496392501
5.756757825507811,-9.271392496392501
5.9365197302697155,-9.271392496392501
5.603186396936382,-9.271392496392501
5.269853063603049,-9.271392496392501
5.269853063603049,-9.404725829725834
5.269853063603049,-9.404725829725834
5.269853063603049,-9.404725829725834
5.269853063603049,-9.404725829725834
5.269853063603049,-9.404725829725834
5.269853063603049,-9.404725829725834
5.269853063603049,-9.654725829725834
5.269853063603049,-9.654725829725834
5.269853063603049,-9.729725829725833
5.269853063603049,-9.729725829725833
5.269853063603049,-9.729725829725833
5.269853063603049,-9.729725829725833
5.338034881784868,-9.729725829725833
5.338034881784868,-9.729725829725833
5.121368215118201,-9.729725829725833
5.121368215118201,-9.729725829725833
5.121368215118201,-9.929725829725832
5.621368215118201,-9.929725829725832
5.621368215118201,-10.129725829725832
5.621368215118201,-10.129725829725832
5.621368215118201,-10.129725829725832
5.621368215118201,-10.129725829725832
5.321368215118201,-10.129725829725832
5.321368215118201,-10.263059163059165
5.321368215118201,-10.263059163059165
5.104701548451534,-10.263059163059165
5.104701548451534,-10.263059163059165
5.171368215118201,-10.263059163059165
5.171368215118201,-10.263059163059165
5.171368215118201,-9.363059163059164
5.171368215118201,-9.363059163059164
4.871368215118201,-9.363059163059164
5.371368215118201,-9.363059163059164
5.571368215118201,-9.363059163059164
5.571368215118201,-9.363059163059164
5.638034881784868,-9.363059163059164
5.638034881784868,-9.613059163059164
5.421368215118201,-9.613059163059164
5.535004578754564,-9.613059163059164
5.535004578754564,-9.363059163059164
5.535004578754564,-9.363059163059164
5.656595487845474,-9.363059163059164
5.656595487845474,-9.363059163059164
5.439928821178807,-9.363059163059164
5.439928821178807,-9.363059163059164
5.439928821178807,-9.363059163059164
5.439928821178807,-9.363059163059164
5.439928821178807,-9.363059163059164
5.439928821178807,-9.42972582972583
5.439928821178807,-9.42972582972583
5.439928821178807,-9.42972582972583
5.739928821178807,-9.42972582972583
5.739928821178807,-9.42972582972583
5.689928821178807,-9.42972582972583
5.889928821178807,-9.42972582972583
5.889928821178807,-9.42972582972583
5.59826215451214,-9.42972582972583
5.59826215451214,-9.42972582972583
5.264928821178807,-9.42972582972583
5.264928821178807,-9.42972582972583
4.764928821178807,-9.42972582972583
4.764928821178807,-9.42972582972583
4.864928821178807,-9.42972582972583
4.864928821178807,-9.293362193362194
4.864928821178807,-8.793362193362194
5.114928821178807,-8.793362193362194
5.181595487845473,-8.793362193362194
5.181595487845473,-8.993362193362193
5.181595487845473,-8.993362193362193
5.181595487845473,-8.793362193362194
5.181595487845473,-8.787806637806638
5.181595487845473,-8.787806637806638
5.181595487845473,-8.287806637806638
4.84826215451214,-8.287806637806638
4.881595487845473,-8.287806637806638
4.881595487845473,-8.287806637806638
4.881595487845473,-8.287806637806638
4.881595487845473,-8.287806637806638
4.881595487845473,-8.687806637806638
4.54826215451214,-8.687806637806638
4.84826215451214,-8.687806637806638
4.84826215451214,-8.687806637806638
4.514928821178807,-8.687806637806638
4.164928821178807,-8.687806637806638
4.264928821178807,-8.687806637806638
4.264928821178807,-8.979473304473304
4.264928821178807,-9.979473304473304
4.264928821178807,-9.979473304473304
4.514928821178807,-9.979473304473304
5.114928821178807,-9.979473304473304
5.014928821178807,-9.979473304473304
5.014928821178807,-9.89613997113997
5.014928821178807,-10.09613997113997
5.081595487845473,-10.09613997113997
5.081595487845473,-10.09613997113997
5.081595487845473,-10.09613997113997
5.281595487845474,-10.09613997113997
5.281595487845474,-10.09613997113997
5.349777306027292,-10.09613997113997
5.349777306027292,-10.22113997113997
5.349777306027292,-10.22113997113997
5.449777306027292,-10.22113997113997
5.449777306027292,-10.187806637806636
5.449777306027292,-10.187806637806636
5.449777306027292,-10.187806637806636
5.449777306027292,-10.187806637806636
5.449777306027292,-10.187806637806636
5.449777306027292,-10.187806637806636
5.449777306027292,-9.819624819624817
5.449777306027292,-9.819624819624817
5.449777306027292,-9.975874819624817
5.449777306027292,-9.975874819624817
5.449777306027292,-9.975874819624817
5.449777306027292,-9.975874819624817
6.249777306027291,-9.975874819624817
6.249777306027291,-9.975874819624817
5.937277306027291,-9.975874819624817
5.937277306027291,-9.975874819624817
6.437277306027291,-9.975874819624817
6.437277306027291,-9.975874819624817
6.103943972693958,-9.975874819624817
6.103943972693958,-9.975874819624817
6.303943972693959,-9.975874819624817
6.303943972693959,-9.975874819624817
5.803943972693959,-9.975874819624817
5.453943972693959,-9.975874819624817
5.453943972693959,-9.975874819624817
5.710610639360626,-9.975874819624817
5.710610639360626,-9.975874819624817
5.710610639360626,-9.559208152958151
6.143943972693959,-9.559208152958151
6.143943972693959,-9.422844516594514
6.143943972693959,-9.422844516594514
6.143943972693959,-9.422844516594514
6.143943972693959,-9.422844516594514
6.143943972693959,-9.556177849927847
6.143943972693959,-9.556177849927847
7.143943972693959,-9.556177849927847
7.265372544122531,-9.556177849927847
7.265372544122531,-9.556177849927847
7.048705877455864,-9.556177849927847
7.048705877455864,-9.556177849927847
7.048705877455864,-10.056177849927847
7.098705877455864,-10.056177849927847
7.098705877455864,-10.056177849927847
7.098705877455864,-9.556177849927847
7.098705877455864,-9.456177849927847
7.098705877455864,-10.456177849927847
7.098705877455864,-10.456177849927847
7.098705877455864,-10.456177849927847
7.098705877455864,-10.456177849927847
7.098705877455864,-10.456177849927847
7.098705877455864,-10.456177849927847
7.098705877455864,-10.456177849927847
7.098705877455864,-10.456177849927847
7.098705877455864,-10.456177849927847
7.098705877455864,-10.456177849927847
7.123705877455865,-10.456177849927847
7.123705877455865,-10.456177849927847
7.123705877455865,-10.57760642135642
7.123705877455865,-10.57760642135642
7.123705877455865,-10.510939754689753
7.423705877455864,-10.510939754689753
7.423705877455864,-10.510939754689753
7.207039210789198,-10.510939754689753
7.207039210789198,-10.510939754689753
7.207039210789198,-10.510939754689753
7.407039210789198,-10.510939754689753
7.657039210789198,-10.510939754689753
7.857039210789198,-10.510939754689753
7.857039210789198,-9.810939754689754
7.857039210789198,-9.810939754689754
7.957039210789198,-9.810939754689754
7.957039210789198,-9.810939754689754
8.093402847152834,-9.810939754689754
7.801736180486167,-9.810939754689754
7.801736180486167,-9.310939754689754
7.8767361804861675,-9.310939754689754
8.676736180486168,-9.310939754689754
8.676736180486168,-9.246654040404039
9.176736180486168,-9.246654040404039
9.176736180486168,-8.763320707070706
9.176736180486168,-9.063320707070707
9.176736180486168,-9.263320707070706
8.843402847152834,-9.263320707070706
8.343402847152834,-9.263320707070706
7.685069513819501,-9.263320707070706
7.685069513819501,-9.263320707070706
7.685069513819501,-9.763320707070706
7.685069513819501,-9.763320707070706
7.685069513819501,-9.763320707070706
7.685069513819501,-9.763320707070706
7.685069513819501,-9.763320707070706
7.685069513819501,-9.763320707070706
7.985069513819501,-9.763320707070706
8.4225695138195,-9.763320707070706
8.455902847152833,-9.763320707070706
8.455902847152833,-9.763320707070706
8.455902847152833,-9.763320707070706
7.655902847152833,-9.763320707070706
7.655902847152833,-9.763320707070706
7.655902847152833,-9.763320707070706
7.655902847152833,-9.54665404040404
7.905902847152833,-9.54665404040404
7.905902847152833,-9.54665404040404
8.030902847152834,-9.54665404040404
8.030902847152834,-9.679987373737372
8.030902847152834,-9.679987373737372
7.772569513819501,-9.679987373737372
7.705902847152834,-9.679987373737372
7.905902847152834,-9.679987373737372
7.905902847152834,-9.646654040404039
7.905902847152834,-9.646654040404039
8.905902847152834,-9.646654040404039
8.739236180486168,-9.646654040404039
8.739236180486168,-9.646654040404039
8.739236180486168,-9.54665404040404
8.739236180486168,-9.54665404040404
8.239236180486168,-9.54665404040404
8.239236180486168,-9.54665404040404
8.369236180486169,-9.54665404040404
8.369236180486169,-9.54665404040404
8.369236180486169,-9.79665404040404
8.369236180486169,-9.79665404040404
8.369236180486169,-9.79665404040404
8.119236180486169,-9.79665404040404
8.51923618048617,-9.79665404040404
8.619236180486169,-9.79665404040404
8.619236180486169,-9.29665404040404
8.369236180486169,-9.29665404040404
9.369236180486169,-9.29665404040404
9.369236180486169,-9.29665404040404
9.369236180486169,-9.29665404040404
9.147013958263948,-9.29665404040404
9.147013958263948,-9.29665404040404
9.147013958263948,-9.29665404040404
8.488680624930614,-9.29665404040404
8.488680624930614,-9.29665404040404
8.488680624930614,-9.29665404040404
8.488680624930614,-9.29665404040404
8.488680624930614,-9.19665404040404
8.988680624930614,-9.19665404040404
8.988680624930614,-9.029987373737374
8.488680624930614,-9.029987373737374
8.488680624930614,-9.029987373737374
8.488680624930614,-9.029987373737374
7.830347291597281,-9.029987373737374
7.613680624930614,-9.029987373737374
7.613680624930614,-9.029987373737374
7.613680624930614,-8.954987373737374
7.613680624930614,-8.938320707070707
7.613680624930614,-8.938320707070707
7.613680624930614,-8.700820707070706
7.613680624930614,-8.700820707070706
7.613680624930614,-8.700820707070706
7.613680624930614,-8.700820707070706
7.713680624930614,-8.700820707070706
7.713680624930614,-8.700820707070706
7.713680624930614,-8.700820707070706
7.713680624930614,-8.700820707070706
7.713680624930614,-8.500820707070707
7.713680624930614,-8.600820707070707
7.713680624930614,-8.900820707070707
7.713680624930614,-8.900820707070707
7.713680624930614,-8.900820707070707
7.713680624930614,-8.900820707070707
7.713680624930614,-8.900820707070707
7.713680624930614,-8.900820707070707
7.463680624930614,-8.900820707070707
7.463680624930614,-8.900820707070707
7.463680624930614,-8.900820707070707
7.463680624930614,-8.300820707070708
7.463680624930614,-8.300820707070708
7.380347291597281,-8.300820707070708
7.380347291597281,-8.300820707070708
7.380347291597281,-8.300820707070708
7.380347291597281,-8.300820707070708
7.580347291597281,-8.300820707070708
7.580347291597281,-8.300820707070708
6.9803472915972815,-8.300820707070708
6.930347291597282,-8.300820707070708
6.930347291597282,-8.300820707070708
6.930347291597282,-9.300820707070708
7.430347291597282,-9.300820707070708
7.430347291597282,-9.300820707070708
7.867847291597282,-9.300820707070708
7.867847291597282,-9.200820707070708
7.867847291597282,-10.200820707070708
7.867847291597282,-10.200820707070708
7.867847291597282,-10.200820707070708
7.651180624930615,-10.200820707070708
7.851180624930615,-10.200820707070708
7.594037767787758,-10.200820707070708
7.734037767787758,-10.200820707070708
8.234037767787758,-10.200820707070708
8.295347291597281,-10.200820707070708
8.295347291597281,-10.200820707070708
8.195347291597281,-10.200820707070708
8.195347291597281,-9.845265151515152
8.195347291597281,-9.845265151515152
8.195347291597281,-9.845265151515152
8.195347291597281,-9.845265151515152
8.195347291597281,-9.845265151515152
8.195347291597281,-9.845265151515152
8.195347291597281,-9.845265151515152
8.195347291597281,-9.845265151515152
7.978680624930615,-9.845265151515152
7.6453472915972815,-9.845265151515152
7.695347291597281,-9.845265151515152
7.195347291597281,-9.845265151515152
6.978680624930615,-9.845265151515152
6.978680624930615,-9.645265151515153
6.978680624930615,-9.645265151515153
6.978680624930615,-9.645265151515153
6.978680624930615,-9.645265151515153
6.978680624930615,-9.645265151515153
6.978680624930615,-9.645265151515153
6.978680624930615,-9.645265151515153
7.062013958263948,-9.645265151515153
7.162013958263947,-9.645265151515153
7.162013958263947,-9.645265151515153
7.162013958263947,-9.645265151515153
6.762013958263947,-9.645265151515153
6.762013958263947,-8.945265151515153
6.7995139582639466,-8.945265151515153
6.649513958263946,-8.945265151515153
6.599513958263946,-8.945265151515153
6.516180624930613,-8.945265151515153
6.516180624930613,-8.945265151515153
6.516180624930613,-8.828598484848486
6.116180624930613,-8.828598484848486
6.616180624930613,-8.828598484848486
6.616180624930613,-8.828598484848486
6.616180624930613,-8.828598484848486
6.63284729159728,-8.828598484848486
6.2995139582639466,-8.828598484848486
6.2995139582639466,-8.828598484848486
6.19237110112109,-8.828598484848486
6.19237110112109,-8.828598484848486
6.19237110112109,-8.828598484848486
6.3287347374847265,-8.828598484848486
6.403734737484727,-8.828598484848486
6.403734737484727,-9.128598484848487
6.653734737484727,-9.128598484848487
6.553734737484727,-9.128598484848487
6.620401404151393,-9.128598484848487
6.620401404151393,-9.128598484848487
6.75676504051503,-9.128598484848487
6.75676504051503,-9.128598484848487
6.8180745643245535,-9.128598484848487
6.8180745643245535,-9.128598484848487
6.8180745643245535,-9.128598484848487
7.018074564324554,-9.128598484848487
7.018074564324554,-9.128598484848487
7.018074564324554,-8.528598484848487
6.518074564324554,-8.528598484848487
6.58474123099122,-8.528598484848487
6.58474123099122,-8.828598484848488
6.58474123099122,-8.828598484848488
6.58474123099122,-8.728598484848488
6.368074564324553,-8.728598484848488
6.481710927960917,-8.728598484848488
6.3761553724053615,-8.728598484848488
6.442822039072028,-8.728598484848488
6.392822039072028,-8.728598484848488
6.326155372405362,-8.728598484848488
6.326155372405362,-8.728598484848488
6.276155372405362,-8.728598484848488
6.276155372405362,-8.728598484848488
6.276155372405362,-8.728598484848488
5.948377594627584,-8.728598484848488
5.865044261294251,-8.728598484848488
5.865044261294251,-8.728598484848488
5.865044261294251,-8.728598484848488
5.6483775946275845,-8.728598484848488
5.8983775946275845,-8.728598484848488
5.8983775946275845,-8.728598484848488
5.8983775946275845,-8.728598484848488
5.8983775946275845,-8.728598484848488
5.8983775946275845,-8.611931818181821
5.698377594627584,-8.611931818181821
5.698377594627584,-8.611931818181821
5.698377594627584,-8.611931818181821
5.698377594627584,-8.611931818181821
5.698377594627584,-9.611931818181821
5.948377594627584,-9.611931818181821
5.948377594627584,-9.611931818181821
5.948377594627584,-9.045265151515155
5.948377594627584,-9.045265151515155
6.048377594627584,-9.045265151515155
6.048377594627584,-9.321654040404043
6.3455998168498065,-9.321654040404043
6.3455998168498065,-9.321654040404043
6.8455998168498065,-9.321654040404043
7.755599816849807,-9.321654040404043
7.755599816849807,-9.321654040404043
7.755599816849807,-9.321654040404043
7.755599816849807,-9.271654040404043
7.755599816849807,-9.271654040404043
7.938139499389489,-9.271654040404043
7.83813949938949,-9.271654040404043
7.83813949938949,-8.971654040404042
7.83813949938949,-8.971654040404042
7.83813949938949,-8.971654040404042
8.08813949938949,-8.971654040404042
8.08813949938949,-8.971654040404042
7.871472832722823,-8.971654040404042
7.871472832722823,-8.871654040404042
7.733972832722823,-8.871654040404042
7.733972832722823,-8.871654040404042
7.633972832722823,-8.871654040404042
7.633972832722823,-8.871654040404042
7.633972832722823,-8.871654040404042
7.358972832722823,-8.871654040404042
7.358972832722823,-8.427209595959598
7.142306166056156,-8.427209595959598
7.404210927960918,-8.427209595959598
7.350639499389489,-8.427209595959598
7.29706807081806,-8.427209595959598
7.29706807081806,-8.010542929292932
7.29706807081806,-8.010542929292932
7.29706807081806,-9.010542929292932
7.10956807081806,-9.010542929292932
7.30956807081806,-9.010542929292932
7.30956807081806,-9.010542929292932
7.30956807081806,-9.21054292929293
7.5095680708180605,-9.21054292929293
6.709568070818061,-9.21054292929293
6.909568070818061,-9.21054292929293
6.909568070818061,-9.21054292929293
6.909568070818061,-9.110542929292931
6.909568070818061,-9.110542929292931
6.909568070818061,-9.110542929292931
6.909568070818061,-9.81054292929293
6.692901404151394,-9.81054292929293
6.192901404151394,-9.81054292929293
6.017901404151394,-9.81054292929293
5.684568070818061,-9.81054292929293
5.684568070818061,-9.81054292929293
5.684568070818061,-9.81054292929293
5.684568070818061,-9.81054292929293
5.684568070818061,-9.81054292929293
5.684568070818061,-9.81054292929293
5.684568070818061,-9.56054292929293
5.684568070818061,-9.56054292929293
5.684568070818061,-9.56054292929293
5.684568070818061,-9.56054292929293
5.684568070818061,-9.56054292929293
5.7179014041513945,-9.56054292929293
5.7179014041513945,-9.56054292929293
5.7179014041513945,-9.76054292929293
5.7179014041513945,-9.76054292929293
5.7179014041513945,-10.474828643578643
5.7179014041513945,-10.474828643578643
5.7179014041513945,-10.349828643578643
5.7179014041513945,-10.631646825396825
5.7179014041513945,-10.631646825396825
5.817901404151394,-10.631646825396825
5.817901404151394,-9.631646825396825
5.817901404151394,-9.495283189033188
5.817901404151394,-10.195283189033187
5.817901404151394,-10.195283189033187
5.817901404151394,-10.161949855699854
5.2179014041513945,-10.161949855699854
5.2179014041513945,-10.161949855699854
5.2179014041513945,-10.161949855699854
5.2179014041513945,-10.161949855699854
5.0929014041513945,-10.161949855699854
5.0929014041513945,-10.161949855699854
5.161083222333213,-10.161949855699854
5.161083222333213,-10.161949855699854
5.286083222333213,-10.161949855699854
5.236083222333213,-10.161949855699854
5.236083222333213,-9.711949855699855
5.236083222333213,-9.711949855699855
5.236083222333213,-9.711949855699855
5.236083222333213,-9.711949855699855
5.236083222333213,-9.511949855699855
5.236083222333213,-10.011949855699855
5.236083222333213,-10.011949855699855
5.236083222333213,-10.011949855699855
4.736083222333213,-10.011949855699855
4.736083222333213,-10.011949855699855
4.736083222333213,-10.011949855699855
4.869416555666547,-10.011949855699855
4.869416555666547,-9.875586219336219
4.869416555666547,-9.42558621933622
5.181916555666547,-9.42558621933622
5.181916555666547,-9.42558621933622
5.181916555666547,-9.42558621933622
5.181916555666547,-9.289222582972583
5.181916555666547,-9.289222582972583
5.181916555666547,-9.289222582972583
5.181916555666547,-9.268389249639249
5.181916555666547,-9.268389249639249
5.181916555666547,-9.268389249639249
5.01524988899988,-9.268389249639249
5.240249888999879,-9.268389249639249
5.240249888999879,-9.268389249639249
5.240249888999879,-9.268389249639249
5.273583222333213,-9.268389249639249
5.273583222333213,-9.268389249639249
5.273583222333213,-9.268389249639249
5.273583222333213,-9.268389249639249
5.2021546509046415,-9.268389249639249
4.502154650904641,-9.268389249639249
4.502154650904641,-9.268389249639249
4.502154650904641,-9.56838924963925
4.2854879842379745,-9.56838924963925
4.235487984237975,-9.56838924963925
4.5354879842379745,-9.56838924963925
4.5354879842379745,-9.56838924963925
4.5354879842379745,-10.16838924963925
4.5354879842379745,-10.032025613275612
4.318821317571308,-10.032025613275612
5.1188213175713075,-10.032025613275612
5.1188213175713075,-10.032025613275612
5.1188213175713075,-10.032025613275612
5.1188213175713075,-9.99869227994228
4.963265762015752,-9.99869227994228
4.963265762015752,-9.982025613275612
4.996599095349085,-9.982025613275612
4.996599095349085,-9.982025613275612
4.996599095349085,-9.782025613275612
4.996599095349085,-9.782025613275612
4.663265762015752,-9.782025613275612
4.663265762015752,-9.782025613275612
4.663265762015752,-9.782025613275612
4.788265762015752,-9.782025613275612
4.788265762015752,-10.032025613275612
5.088265762015752,-10.032025613275612
5.338265762015752,-10.032025613275612
5.399575285825275,-10.032025613275612
5.399575285825275,-9.532025613275612
5.399575285825275,-9.532025613275612
5.399575285825275,-9.532025613275612
5.399575285825275,-9.532025613275612
5.599575285825275,-9.532025613275612
5.599575285825275,-9.532025613275612
5.599575285825275,-9.532025613275612
5.599575285825275,-9.532025613275612
5.599575285825275,-9.532025613275612
5.599575285825275,-9.163843795093793
6.099575285825275,-9.163843795093793
5.799575285825275,-9.163843795093793
5.799575285825275,-9.878129509379507
5.799575285825275,-9.878129509379507
5.799575285825275,-9.74176587301587
5.799575285825275,-9.74176587301587
6.049575285825275,-9.74176587301587
6.049575285825275,-9.74176587301587
6.049575285825275,-9.373584054834051
6.049575285825275,-9.506917388167384
6.474575285825275,-9.506917388167384
6.299575285825275,-9.506917388167384
6.299575285825275,-9.640250721500717
6.299575285825275,-9.640250721500717
6.299575285825275,-9.640250721500717
6.299575285825275,-9.640250721500717
6.299575285825275,-9.640250721500717
6.299575285825275,-9.640250721500717
6.299575285825275,-9.640250721500717
6.299575285825275,-9.640250721500717
5.832908619158609,-9.640250721500717
5.832908619158609,-9.2720689033189
5.832908619158609,-9.2720689033189
5.832908619158609,-9.2720689033189
5.832908619158609,-8.7720689033189
6.032908619158609,-8.7720689033189
6.032908619158609,-8.7720689033189
6.032908619158609,-8.635705266955263
6.557908619158609,-8.635705266955263
6.557908619158609,-8.635705266955263
6.6245752858252756,-8.635705266955263
6.6245752858252756,-8.635705266955263
6.024575285825276,-8.635705266955263
6.024575285825276,-8.635705266955263
6.024575285825276,-8.635705266955263
6.042757104007094,-8.635705266955263
5.442757104007095,-8.635705266955263
5.442757104007095,-8.635705266955263
5.442757104007095,-8.499341630591626
4.942757104007095,-8.499341630591626
4.942757104007095,-8.499341630591626
4.942757104007095,-8.499341630591626
4.942757104007095,-8.499341630591626
4.942757104007095,-7.799341630591626
5.421544982794973,-7.799341630591626
5.421544982794973,-8.075730519480516
5.421544982794973,-8.075730519480516
5.421544982794973,-8.075730519480516
5.421544982794973,-8.075730519480516
5.421544982794973,-8.075730519480516
5.504878316128306,-8.075730519480516
5.504878316128306,-8.075730519480516
5.715917277167267,-8.075730519480516
5.715917277167267,-8.675730519480515
5.4992506105006,-8.675730519480515
5.4992506105006,-8.675730519480515
5.4992506105006,-8.63027597402597
5.4992506105006,-8.63027597402597
5.4492506105006004,-8.63027597402597
5.115917277167267,-8.63027597402597
5.115917277167267,-8.28027597402597
5.115917277167267,-8.680275974025971
5.109667277167268,-8.680275974025971
5.109667277167268,-8.680275974025971
5.109667277167268,-8.680275974025971
5.109667277167268,-8.633053751803748
5.609667277167268,-8.633053751803748
5.515917277167268,-8.633053751803748
5.515917277167268,-8.633053751803748
5.515917277167268,-8.633053751803748
5.515917277167268,-8.633053751803748
5.515917277167268,-8.601803751803748
6.015917277167268,-8.601803751803748
6.015917277167268,-8.601803751803748
6.015917277167268,-8.751803751803749
6.015917277167268,-8.751803751803749
6.090917277167268,-8.751803751803749
6.5242506105006015,-8.751803751803749
6.5242506105006015,-8.751803751803749
6.5242506105006015,-8.751803751803749
6.5242506105006015,-9.264303751803748
6.5242506105006015,-9.264303751803748
6.5242506105006015,-9.264303751803748
6.5242506105006015,-9.264303751803748
6.307583943833935,-9.264303751803748
6.374250610500601,-9.264303751803748
7.374250610500601,-9.264303751803748
7.374250610500601,-9.264303751803748
7.874250610500601,-9.264303751803748
7.874250610500601,-9.264303751803748
7.874250610500601,-9.264303751803748
8.124250610500601,-9.264303751803748
8.124250610500601,-9.264303751803748
8.124250610500601,-9.026803751803747
8.040917277167267,-9.026803751803747
7.724250610500601,-9.026803751803747
8.1742506105006,-9.026803751803747
8.1742506105006,-9.026803751803747
8.1742506105006,-9.026803751803747
8.1742506105006,-9.026803751803747
8.1742506105006,-9.026803751803747
8.1742506105006,-9.026803751803747
8.1742506105006,-9.526803751803747
8.1742506105006,-9.526803751803747
8.6742506105006,-9.526803751803747
8.6742506105006,-9.15862193362193
7.9242506105006,-9.15862193362193
8.5242506105006,-9.15862193362193
8.5242506105006,-9.15862193362193
8.1242506105006,-9.15862193362193
8.1242506105006,-9.15862193362193
8.557583943833933,-9.15862193362193
8.557583943833933,-9.15862193362193
8.557583943833933,-9.15862193362193
8.557583943833933,-9.15862193362193
8.557583943833933,-9.15862193362193
8.557583943833933,-9.15862193362193
8.757583943833932,-9.15862193362193
8.757583943833932,-9.05862193362193
8.757583943833932,-9.05862193362193
8.540917277167265,-9.05862193362193
8.2492506105006,-9.05862193362193
8.2492506105006,-9.05862193362193
8.2492506105006,-8.954455266955264
8.436155372405361,-8.954455266955264
8.436155372405361,-8.954455266955264
8.436155372405361,-8.321121933621932
7.936155372405361,-8.321121933621932
7.936155372405361,-8.184758297258295
7.602822039072028,-8.184758297258295
7.602822039072028,-8.184758297258295
7.202822039072028,-8.184758297258295
7.202822039072028,-8.184758297258295
7.402822039072028,-8.184758297258295
7.402822039072028,-8.184758297258295
7.402822039072028,-8.384758297258294
7.602822039072028,-8.384758297258294
7.602822039072028,-8.384758297258294
7.602822039072028,-7.7847582972582945
7.852822039072028,-7.7847582972582945
7.852822039072028,-7.518091630591628
7.852822039072028,-7.518091630591628
7.989185675435665,-7.518091630591628
7.989185675435665,-7.718091630591628
7.989185675435665,-7.718091630591628
7.989185675435665,-7.718091630591628
8.039185675435665,-7.718091630591628
7.7058523421023315,-7.718091630591628
7.505852342102331,-7.718091630591628
7.505852342102331,-7.718091630591628
7.505852342102331,-7.018091630591628
7.505852342102331,-7.018091630591628
7.505852342102331,-7.018091630591628
7.505852342102331,-7.6180916305916275
7.505852342102331,-7.6180916305916275
7.2891856754356645,-7.6180916305916275
7.2891856754356645,-7.6180916305916275
7.2891856754356645,-7.584758297258294
7.2891856754356645,-7.448394660894658
7.57489996114995,-7.448394660894658
7.57489996114995,-7.448394660894658
7.57489996114995,-7.448394660894658
7.57489996114995,-7.210894660894658
7.57489996114995,-6.960894660894658
7.57489996114995,-6.960894660894658
7.57489996114995,-7.0033189033189
7.57489996114995,-7.0033189033189
7.87489996114995,-7.0033189033189
7.87489996114995,-7.0033189033189
7.82489996114995,-7.0033189033189
7.669344405594394,-7.0033189033189
7.669344405594394,-6.7533189033189
7.669344405594394,-6.7533189033189
7.969344405594394,-6.7533189033189
7.969344405594394,-6.7533189033189
7.636011072261061,-6.7533189033189
7.636011072261061,-5.8533189033188995
7.636011072261061,-5.8533189033188995
8.636011072261061,-5.8533189033188995
9.636011072261061,-5.8533189033188995
9.302677738927727,-5.8533189033188995
9.302677738927727,-5.8533189033188995
9.302677738927727,-5.8533189033188995
9.502677738927726,-5.8533189033188995
9.502677738927726,-5.3533189033188995
9.28601107226106,-5.3533189033188995
9.361011072261059,-5.3533189033188995
9.26101107226106,-5.3533189033188995
9.26101107226106,-5.528318903318899
9.26101107226106,-6.528318903318899
9.26101107226106,-6.528318903318899
9.044344405594392,-6.528318903318899
9.044344405594392,-6.528318903318899
9.044344405594392,-6.391955266955263
9.044344405594392,-6.391955266955263
9.044344405594392,-6.391955266955263
9.044344405594392,-6.154455266955263
9.044344405594392,-5.754455266955262
9.044344405594392,-5.754455266955262
